{
    "Result": [
        0.0,
        0.019404915912031046,
        0.02199223803363519,
        0.018111254851228976,
        0.029754204398447608,
        0.055627425614489,
        0.08279430789133248,
        0.027166882276843468,
        0.03492884864165589,
        0.04139715394566624,
        0.07761966364812418,
        0.07891332470892626,
        0.12677878395860284,
        0.12160413971539456,
        0.1630012936610608,
        0.1203104786545925,
        0.15135834411384216,
        0.12289780077619664,
        0.05304010349288486,
        0.06985769728331177,
        0.07632600258732213,
        0.10866752910737387,
        0.5912031047865459,
        0.9948253557567918,
        1.0,
        1.0,
        1.0,
        1.0
    ],
    "First Token": [
        0.0,
        0.0,
        0.04139715394566624,
        0.028460543337645538,
        0.019404915912031046,
        0.018111254851228976,
        0.015523932729624839,
        0.007761966364812419,
        0.02069857697283312,
        0.06985769728331177,
        0.16946959896507116,
        0.10478654592496765,
        0.2108667529107374,
        0.10219922380336352,
        0.2690815006468305,
        0.49805950840879687,
        0.46183699870633893,
        0.49547218628719275,
        0.351875808538163,
        0.7930142302716688,
        0.720569210866753,
        0.6882276843467011,
        0.8253557567917206,
        0.7373868046571799,
        0.9288486416558862,
        0.8926261319534282,
        0.5575679172056921,
        0.9702457956015524
    ],
    "Operators": [
        0.0,
        0.004643540016388965,
        0.008467631794591642,
        0.010652827096421742,
        0.015296367112810707,
        0.03086588363835018,
        0.024583447145588636,
        0.03441682600382409,
        0.04643540016388965,
        0.05162523900573614,
        0.06992624965856323,
        0.08713466266047527,
        0.08385686970773013,
        0.08658836383501775,
        0.09669489210598198,
        0.13766730401529637,
        0.22043157607211145,
        0.23490849494673585,
        0.3698443048347446,
        0.3971592461076209,
        0.7287626331603387,
        0.7817536192297186,
        0.8000546298825457,
        0.8410270417918602,
        0.8270964217426933,
        0.9093143949740508,
        0.97131931166348,
        0.9328052444687244
    ],
    "Numbers": [
        0.0009205725512208813,
        0.07376929553746843,
        0.0939657591916924,
        0.11851810272242493,
        0.13520067358967164,
        0.15390401347179344,
        0.13915239966320517,
        0.1558686500140331,
        0.1722144260454673,
        0.18600056132472637,
        0.20248105529048555,
        0.21681728880157172,
        0.21697445972495089,
        0.241201234914398,
        0.2351164748807185,
        0.29860230143137806,
        0.31865282065674994,
        0.3186977266348583,
        0.3323154644962111,
        0.3022733651417345,
        0.4298063429694078,
        0.5075049115913556,
        0.6986808868930676,
        0.9087959584619703,
        0.9882570867246703,
        0.987965197866966,
        0.9937692955374684,
        0.9911759753017121
    ],
    "num_samples": 773,
    "num_operators": 3661,
    "num_numbers": 89075
}