{
    "Result": [
        0.0,
        0.025510204081632654,
        0.02295918367346939,
        0.025510204081632654,
        0.030612244897959183,
        0.05612244897959184,
        0.05357142857142857,
        0.03316326530612245,
        0.030612244897959183,
        0.061224489795918366,
        0.058673469387755105,
        0.08163265306122448,
        0.10714285714285714,
        0.10204081632653061,
        0.14285714285714285,
        0.08163265306122448,
        0.14795918367346939,
        0.10714285714285714,
        0.02806122448979592,
        0.08418367346938775,
        0.11479591836734694,
        0.11989795918367346,
        0.5408163265306123,
        0.9897959183673469,
        1.0,
        1.0,
        1.0,
        1.0
    ],
    "Operators": [
        0.0,
        0.0,
        0.0,
        0.02040816326530612,
        0.0,
        0.013605442176870748,
        0.02040816326530612,
        0.034013605442176874,
        0.07482993197278912,
        0.061224489795918366,
        0.08843537414965986,
        0.12244897959183673,
        0.09523809523809523,
        0.10204081632653061,
        0.11564625850340136,
        0.17687074829931973,
        0.25170068027210885,
        0.19727891156462585,
        0.2585034013605442,
        0.29931972789115646,
        0.4489795918367347,
        0.5714285714285714,
        0.5714285714285714,
        0.6122448979591837,
        0.6530612244897959,
        0.7551020408163265,
        0.9659863945578231,
        0.8707482993197279
    ],
    "Numbers": [
        0.00023445559411047547,
        0.05429991559598612,
        0.06644471537090875,
        0.08234080465159899,
        0.09064053268310981,
        0.10255087686392197,
        0.09232861296070524,
        0.10086279658632655,
        0.11488324111413298,
        0.11446122104473412,
        0.1243083559973741,
        0.12538685173028227,
        0.13031041920660227,
        0.1463471818437588,
        0.14395573478383195,
        0.1769670824345869,
        0.19150332926943636,
        0.18695489074369315,
        0.1949263809434493,
        0.1778580136922067,
        0.3048391634624402,
        0.3757854262402701,
        0.5636781393604051,
        0.8736753258932758,
        0.9888868048391635,
        0.9895432805026728,
        0.9935290256025509,
        0.9897777360967833
    ]
}