{
    "Result": [
        0.0,
        0.008777852802160702,
        0.016205266711681297,
        0.014854827819041188,
        0.02633355840648211,
        0.031060094530722483,
        0.03578663065496286,
        0.05064145847400405,
        0.05199189736664416,
        0.0675219446320054,
        0.05064145847400405,
        0.06347062795408508,
        0.04388926401080351,
        0.07832545577312626,
        0.09453072248480757,
        0.08507765023632681,
        0.07765023632680622,
        0.1573261309925726,
        0.13639432815665092,
        0.15327481431465226,
        0.16070222822417285,
        0.19851451721809588,
        0.3085752869682647,
        0.9540850776502363,
        1.0,
        1.0,
        1.0,
        0.9972991222147198
    ],
    "Operators": [
        0.003346346904629114,
        0.05911879531511433,
        0.06581148912437255,
        0.06358059118795314,
        0.08310094813162298,
        0.08533184606804238,
        0.09202453987730061,
        0.09927495817066369,
        0.1015058561070831,
        0.11433351924149471,
        0.13664249860568878,
        0.1411042944785276,
        0.14500836586726157,
        0.18851087562744004,
        0.18404907975460122,
        0.2320133853876185,
        0.2693809258226436,
        0.31678750697155605,
        0.39598438371444505,
        0.4924707194645845,
        0.5638594534300055,
        0.6330172894590073,
        0.6988287785833798,
        0.8499721137757947,
        0.9029559397657557,
        0.8962632459564975,
        0.9219185722253207,
        0.8968209704406024
    ],
    "Numbers": [
        0.0026524802558335887,
        0.07047378527611946,
        0.09146200228636327,
        0.09751414033488497,
        0.10015914881535001,
        0.09609450301486136,
        0.10311050008592541,
        0.1045600245074232,
        0.10120519736694636,
        0.11704536114826244,
        0.12432287035722558,
        0.11912998647608658,
        0.1233216524578405,
        0.13437988000328757,
        0.13172739974745398,
        0.17425674514521394,
        0.1848816097192854,
        0.1893646749404126,
        0.19460238947376285,
        0.20632560502701047,
        0.22040242982134986,
        0.22999618939456204,
        0.2702316997541786,
        0.8035894408870492,
        0.8712463668492271,
        0.8771490693903778,
        0.9457698543750981,
        0.9896889499914074
    ]
}