{
    "Result": [
        0.0,
        0.023809523809523808,
        0.023809523809523808,
        0.0,
        0.0,
        0.0,
        0.07142857142857142,
        0.023809523809523808,
        0.047619047619047616,
        0.023809523809523808,
        0.047619047619047616,
        0.09523809523809523,
        0.11904761904761904,
        0.21428571428571427,
        0.23809523809523808,
        0.16666666666666666,
        0.2857142857142857,
        0.14285714285714285,
        0.07142857142857142,
        0.07142857142857142,
        0.09523809523809523,
        0.23809523809523808,
        0.6666666666666666,
        0.9761904761904762,
        1.0,
        0.9761904761904762,
        0.9761904761904762,
        1.0
    ],
    "Operators": [
        0.0,
        0.014814814814814815,
        0.022222222222222223,
        0.022222222222222223,
        0.022222222222222223,
        0.037037037037037035,
        0.05185185185185185,
        0.1037037037037037,
        0.05185185185185185,
        0.1111111111111111,
        0.07407407407407407,
        0.08148148148148149,
        0.07407407407407407,
        0.1037037037037037,
        0.1037037037037037,
        0.13333333333333333,
        0.2,
        0.2222222222222222,
        0.2962962962962963,
        0.3037037037037037,
        0.6296296296296297,
        0.7185185185185186,
        0.7407407407407407,
        0.8,
        0.8296296296296296,
        0.8962962962962963,
        0.9555555555555556,
        0.9259259259259259
    ],
    "Numbers": [
        0.0,
        0.07657365347177157,
        0.09950248756218906,
        0.12286394116374648,
        0.14060134112048453,
        0.15401254596582306,
        0.14925373134328357,
        0.15920398009950248,
        0.1719662556781311,
        0.17737399956738048,
        0.18516115076789963,
        0.19402985074626866,
        0.20116807268007786,
        0.21111832143629677,
        0.21263248972528662,
        0.2528661042613022,
        0.26714254812892063,
        0.26151849448410125,
        0.263897901795371,
        0.2511356262167424,
        0.3882760112481073,
        0.4486264330521306,
        0.6229720960415315,
        0.8853558295479126,
        0.9833441488211119,
        0.981613670776552,
        0.9937270170884707,
        0.9894008219770711
    ]
}