{
    "Result": [
        11.617341956313776,
        7.069439323580995,
        6.271795778858419,
        6.264799156967475,
        5.886241679288903,
        5.167014608577806,
        4.921074069276148,
        6.264310875717475,
        5.772109673947704,
        5.295656788105867,
        4.490877112563775,
        4.180441720145089,
        3.954337606624681,
        3.8453409623126595,
        3.554394780373087,
        3.7416531309789542,
        3.101226183832908,
        3.278289950623804,
        4.552435738699777,
        3.7463964345503826,
        3.0613987202547035,
        3.9621335632947026,
        1.5402303690813026,
        0.07222521791652757,
        0.004767269504313566,
        0.003658674201186822,
        0.0022101280640582648,
        0.009026970182146345
    ],
    "Operators": [
        12.349356930272108,
        10.914713541666666,
        10.26069568452381,
        10.120894451530612,
        10.07294988307823,
        9.574019451530612,
        9.618230495323129,
        9.014316273384354,
        8.900460379464286,
        8.556102519132653,
        8.21038444674745,
        7.543033522002551,
        6.959629603794643,
        6.405877560985331,
        6.106135984667304,
        4.5387054235756805,
        3.6149198571029975,
        3.628152237457483,
        3.234682563210831,
        2.931482950846354,
        1.8891798330813039,
        1.4132693543726085,
        1.4896751974715667,
        1.3094188923738441,
        0.8459528903571927,
        0.5228656262767558,
        0.2095107448344328,
        0.4180108608842707
    ],
    "Numbers": [
        11.391429429965184,
        4.676777236939907,
        4.087822789715679,
        3.8694468625857596,
        3.684083673326381,
        3.5388305715578623,
        3.695012753445581,
        3.630592666020662,
        3.4552760030744136,
        3.4390277547728085,
        3.302766193449637,
        3.276316569780058,
        3.190412326745845,
        3.1140177919126124,
        3.099596188124959,
        2.9455988803567665,
        2.8692350237317887,
        3.05202926874362,
        3.108220454620888,
        3.183216998336307,
        2.610762660972712,
        2.5701811459636215,
        1.5811159691465826,
        0.44179508885735363,
        0.03704340252433118,
        0.03534261471310912,
        0.026985701192759063,
        0.03198104086729864
    ]
}