{
    "Result": [
        0.0,
        0.043478260869565216,
        0.08695652173913043,
        0.043478260869565216,
        0.043478260869565216,
        0.0,
        0.0,
        0.043478260869565216,
        0.043478260869565216,
        0.17391304347826086,
        0.043478260869565216,
        0.043478260869565216,
        0.08695652173913043,
        0.08695652173913043,
        0.17391304347826086,
        0.08695652173913043,
        0.043478260869565216,
        0.17391304347826086,
        0.13043478260869565,
        0.17391304347826086,
        0.13043478260869565,
        0.34782608695652173,
        0.30434782608695654,
        0.9565217391304348,
        1.0,
        1.0,
        1.0,
        0.9565217391304348
    ],
    "Operators": [
        0.0,
        0.030303030303030304,
        0.030303030303030304,
        0.06060606060606061,
        0.06060606060606061,
        0.12121212121212122,
        0.09090909090909091,
        0.06060606060606061,
        0.09090909090909091,
        0.12121212121212122,
        0.18181818181818182,
        0.15151515151515152,
        0.09090909090909091,
        0.15151515151515152,
        0.15151515151515152,
        0.30303030303030304,
        0.3939393939393939,
        0.3333333333333333,
        0.5151515151515151,
        0.5151515151515151,
        0.5757575757575758,
        0.6363636363636364,
        0.7575757575757576,
        0.8484848484848485,
        0.8787878787878788,
        0.8787878787878788,
        0.8787878787878788,
        0.8787878787878788
    ],
    "Numbers": [
        0.0,
        0.07899960301707026,
        0.08574831282254863,
        0.09090909090909091,
        0.09884874950377134,
        0.10837633981738785,
        0.10956728860658992,
        0.1222707423580786,
        0.12107979356887653,
        0.13934100833664154,
        0.13973799126637554,
        0.14489876935291782,
        0.14926558157999206,
        0.16077808654227868,
        0.15482334259626837,
        0.20801905518062724,
        0.22628026994839223,
        0.23223501389440254,
        0.22905915045653036,
        0.25049622866216753,
        0.27153632393807065,
        0.3036919412465264,
        0.33942040492258835,
        0.832870186581977,
        0.8793171893608575,
        0.8848749503771338,
        0.9487892020643113,
        0.9896784438269154
    ]
}