{
    "Result": [
        0.08333333333333333,
        0.08333333333333333,
        0.08333333333333333,
        0.08333333333333333,
        0.08333333333333333,
        0.08333333333333333,
        0.08333333333333333,
        0.08333333333333333,
        0.08333333333333333,
        0.16666666666666666,
        0.16666666666666666,
        0.16666666666666666,
        0.25,
        0.16666666666666666,
        0.25,
        0.25,
        0.3333333333333333,
        0.25,
        0.5,
        0.3333333333333333,
        0.5,
        0.5833333333333334,
        0.6666666666666666,
        0.9166666666666666,
        1.0,
        1.0,
        1.0,
        0.9166666666666666
    ],
    "Operators": [
        0.0,
        0.016666666666666666,
        0.016666666666666666,
        0.016666666666666666,
        0.016666666666666666,
        0.016666666666666666,
        0.016666666666666666,
        0.016666666666666666,
        0.03333333333333333,
        0.06666666666666667,
        0.06666666666666667,
        0.1,
        0.11666666666666667,
        0.15,
        0.13333333333333333,
        0.23333333333333334,
        0.21666666666666667,
        0.25,
        0.5,
        0.48333333333333334,
        0.6333333333333333,
        0.6166666666666667,
        0.7666666666666667,
        0.9333333333333333,
        1.0,
        0.9666666666666667,
        1.0,
        0.9333333333333333
    ],
    "Numbers": [
        0.0007293946024799417,
        0.15463165572574764,
        0.12472647702407003,
        0.13785557986870897,
        0.1415025528811087,
        0.13056163384390956,
        0.11451495258935084,
        0.12910284463894967,
        0.11451495258935084,
        0.13931436907366884,
        0.15900802334062727,
        0.16557257476294676,
        0.1611962071480671,
        0.17213712618526622,
        0.1648431801604668,
        0.21954777534646244,
        0.25455871626549964,
        0.2684172137126185,
        0.27571115973741794,
        0.3041575492341357,
        0.3311451495258935,
        0.34573304157549234,
        0.37928519328956967,
        0.7921225382932167,
        0.8460977388767323,
        0.8665207877461707,
        0.9445660102115244,
        0.9839533187454412
    ]
}