{
    "Result": [
        0.006550218340611353,
        0.024017467248908297,
        0.03275109170305677,
        0.043668122270742356,
        0.05021834061135371,
        0.06768558951965066,
        0.06768558951965066,
        0.03711790393013101,
        0.039301310043668124,
        0.05021834061135371,
        0.07423580786026202,
        0.10480349344978165,
        0.12445414847161572,
        0.14410480349344978,
        0.1703056768558952,
        0.13537117903930132,
        0.20305676855895197,
        0.1703056768558952,
        0.12008733624454149,
        0.12663755458515283,
        0.21397379912663755,
        0.2903930131004367,
        0.6441048034934498,
        0.9956331877729258,
        1.0,
        1.0,
        1.0,
        1.0
    ],
    "Operators": [
        0.0,
        0.005037783375314861,
        0.007052896725440806,
        0.007052896725440806,
        0.01309823677581864,
        0.02216624685138539,
        0.01712846347607053,
        0.027707808564231738,
        0.03828715365239295,
        0.05239294710327456,
        0.05692695214105793,
        0.06095717884130982,
        0.07758186397984887,
        0.09118387909319899,
        0.09370277078085643,
        0.13602015113350127,
        0.22015113350125945,
        0.23123425692695215,
        0.39848866498740554,
        0.383375314861461,
        0.7274559193954659,
        0.798992443324937,
        0.834256926952141,
        0.8458438287153652,
        0.8997481108312343,
        0.945088161209068,
        0.9702770780856423,
        0.945088161209068
    ],
    "Numbers": [
        0.0007318899782135076,
        0.06532543572984749,
        0.08146105664488018,
        0.0978860294117647,
        0.11568967864923747,
        0.13340822440087147,
        0.11907679738562091,
        0.1282849945533769,
        0.13495710784313725,
        0.1346337145969499,
        0.14431849128540306,
        0.15294798474945534,
        0.15802015250544663,
        0.17533020152505446,
        0.1791087962962963,
        0.21316721132897604,
        0.22674972766884532,
        0.23223039215686275,
        0.2364174836601307,
        0.23040917755991286,
        0.3694342320261438,
        0.4737881263616558,
        0.6770322712418301,
        0.905484068627451,
        0.9849707244008714,
        0.9851749727668845,
        0.9941789215686274,
        0.9914726307189542
    ]
}