{
    "Result": [
        0.0018231540565177757,
        0.020966271649954422,
        0.028258887876025523,
        0.0300820419325433,
        0.04102096627164995,
        0.05742935278030994,
        0.05195989061075661,
        0.0829535095715588,
        0.08021877848678213,
        0.11303555150410209,
        0.09206927985414767,
        0.08477666362807658,
        0.07383773928896992,
        0.10118505013673655,
        0.14585232452142205,
        0.14949863263445762,
        0.19416590701914313,
        0.23062898814949864,
        0.2041932543299909,
        0.2488605287146764,
        0.27347310847766637,
        0.2880583409298086,
        0.4439380127620784,
        0.9343664539653601,
        0.9963536918869644,
        0.9990884229717412,
        0.9981768459434822,
        0.9990884229717412
    ],
    "Operators": [
        0.0,
        0.003834355828220859,
        0.005943251533742332,
        0.006134969325153374,
        0.014762269938650307,
        0.013611963190184049,
        0.018788343558282208,
        0.026840490797546013,
        0.0325920245398773,
        0.04428680981595092,
        0.06000766871165644,
        0.06345858895705521,
        0.07170245398773006,
        0.09029907975460123,
        0.1004601226993865,
        0.17599693251533743,
        0.2174079754601227,
        0.31901840490797545,
        0.44037576687116564,
        0.526457055214724,
        0.6370782208588958,
        0.7062883435582822,
        0.7484662576687117,
        0.8911042944785276,
        0.9482361963190185,
        0.9549463190184049,
        0.9693251533742331,
        0.9562883435582822
    ],
    "Numbers": [
        0.00267159735315314,
        0.07572922960450168,
        0.09587176332704865,
        0.09825945796419915,
        0.10029773387396175,
        0.09350590736035991,
        0.10063259348770846,
        0.10520415517103318,
        0.1014115060675106,
        0.11884604465280153,
        0.13034046487249856,
        0.1283167480763771,
        0.13518137015818477,
        0.1517496414818266,
        0.1546177868691354,
        0.20344177446477058,
        0.21822655436737012,
        0.22817770854110403,
        0.23234161504247622,
        0.2492593050935059,
        0.2794549067852749,
        0.2910221225731777,
        0.35152979886584507,
        0.7668066768095159,
        0.8183968959969717,
        0.8299131548871305,
        0.934418472603388,
        0.9913737251676118
    ]
}