{
    "Result": [
        0.004314994606256742,
        0.016181229773462782,
        0.017259978425026967,
        0.021574973031283712,
        0.03128371089536138,
        0.034519956850053934,
        0.040992448759439054,
        0.06796116504854369,
        0.0668824163969795,
        0.07874865156418555,
        0.06903991370010787,
        0.07011866235167206,
        0.05285868392664509,
        0.08090614886731391,
        0.09169363538295577,
        0.10140237324703344,
        0.0895361380798274,
        0.16612729234088458,
        0.15965480043149946,
        0.18015102481121897,
        0.19741100323624594,
        0.21359223300970873,
        0.3365695792880259,
        0.9805825242718447,
        1.0,
        1.0,
        1.0,
        0.9967637540453075
    ],
    "Operators": [
        0.0,
        0.02416918429003021,
        0.027655124331861493,
        0.02835231234022775,
        0.029049500348594003,
        0.03183825238205903,
        0.034627004415524056,
        0.04229607250755287,
        0.04647920055775041,
        0.05298628863583547,
        0.06995119683941436,
        0.07227515686730188,
        0.07645828491749943,
        0.09295840111550081,
        0.10016267720195213,
        0.1510574018126888,
        0.19498024633976296,
        0.27701603532419244,
        0.4643272135719266,
        0.5159191261910295,
        0.5668138508017662,
        0.6258424355101092,
        0.7060190564722286,
        0.8201254938415059,
        0.913781082965373,
        0.9263304671159656,
        0.9370206832442483,
        0.9168022310016267
    ],
    "Numbers": [
        0.0031004907581525477,
        0.08395174975920745,
        0.10203183048204376,
        0.11427785167178829,
        0.11962573957712241,
        0.11615832683575655,
        0.13727468696968306,
        0.14220061459432187,
        0.14090721460349492,
        0.16280328395174976,
        0.17194881438334175,
        0.16822455625372656,
        0.17605834059533093,
        0.1879833050497638,
        0.18977204971792871,
        0.26773379810117875,
        0.28285098380956747,
        0.29355593266981606,
        0.29943585745080953,
        0.3204237948906114,
        0.35048387836536254,
        0.3656561023712333,
        0.4038618538733202,
        0.8405357060954914,
        0.8865844149887631,
        0.8930881071412191,
        0.9547310003210567,
        0.9909278539650507
    ]
}