{
    "Result": [
        11.296377243693403,
        6.779504694574709,
        6.09147156472348,
        6.104604309003072,
        5.625268459936934,
        4.871877653015847,
        4.620369855675938,
        5.621031846296895,
        5.255686297299483,
        4.952964555708279,
        4.288096675897477,
        3.9000305728492886,
        3.715489317189521,
        3.590978230109961,
        3.235574858000485,
        3.415733268313389,
        2.9268361396345406,
        2.975392172592578,
        3.948646496060903,
        3.4905007820080045,
        3.115535444923391,
        3.9155583943000587,
        1.3128047439752852,
        0.07736098226569449,
        0.009870013475109659,
        0.005598822047145987,
        0.0030068573945552534,
        0.01679337317699911
    ],
    "Operators": [
        11.46318137974597,
        9.988732586724938,
        8.899626926983748,
        8.780654619639442,
        8.643707800549713,
        8.325087413147022,
        8.46758758119793,
        7.974684664474358,
        7.767301774617591,
        7.445958362319892,
        7.248691453597677,
        6.942629854003773,
        6.403015974472534,
        5.888671311287566,
        5.791756848499639,
        4.536861641619968,
        3.4534240588240532,
        3.393631131751262,
        2.690756861090953,
        2.3625702979101635,
        0.9116070204763196,
        0.724672124738154,
        0.5944923126316566,
        0.5115964293512482,
        0.45803059023346804,
        0.2574091879795953,
        0.13215667320320235,
        0.16977102096795188
    ],
    "Numbers": [
        11.185185237159697,
        4.577283193292224,
        4.0212820418296555,
        3.67544169239405,
        3.4672571998187207,
        3.277529954634588,
        3.443070154653116,
        3.3222285842360186,
        3.1568726486026186,
        3.0991271587653406,
        2.976077610243916,
        2.9136705910647613,
        2.8716063671663443,
        2.7548561992532847,
        2.7402992193611224,
        2.5253701771091888,
        2.4238832292066945,
        2.542726695638609,
        2.5413412830717874,
        2.6723256541489553,
        2.1010479447683057,
        2.023771780518846,
        1.0704749958039401,
        0.32873912480450934,
        0.041637896308395726,
        0.03864952247998636,
        0.023947863143848096,
        0.025597909321920142
    ]
}