{
    "Result": [
        0.0,
        0.0425531914893617,
        0.0425531914893617,
        0.02127659574468085,
        0.06382978723404255,
        0.10638297872340426,
        0.06382978723404255,
        0.02127659574468085,
        0.0425531914893617,
        0.02127659574468085,
        0.0851063829787234,
        0.10638297872340426,
        0.14893617021276595,
        0.14893617021276595,
        0.2553191489361702,
        0.14893617021276595,
        0.2127659574468085,
        0.1276595744680851,
        0.0425531914893617,
        0.1276595744680851,
        0.06382978723404255,
        0.0851063829787234,
        0.6382978723404256,
        1.0,
        1.0,
        1.0,
        1.0,
        1.0
    ],
    "Operators": [
        0.0,
        0.004273504273504274,
        0.0,
        0.004273504273504274,
        0.004273504273504274,
        0.017094017094017096,
        0.017094017094017096,
        0.02564102564102564,
        0.038461538461538464,
        0.042735042735042736,
        0.0641025641025641,
        0.06837606837606838,
        0.05128205128205128,
        0.0811965811965812,
        0.09401709401709402,
        0.1282051282051282,
        0.1794871794871795,
        0.2094017094017094,
        0.34615384615384615,
        0.3717948717948718,
        0.7307692307692307,
        0.782051282051282,
        0.8247863247863247,
        0.8247863247863247,
        0.8418803418803419,
        0.8846153846153846,
        0.9700854700854701,
        0.9145299145299145
    ],
    "Numbers": [
        0.0,
        0.053561958635319075,
        0.08644157680749513,
        0.11065936008485062,
        0.1288668905780449,
        0.15202404101113665,
        0.13929644687997172,
        0.15997878734311471,
        0.18295916563549586,
        0.19639384832950327,
        0.2062930882092982,
        0.21460137882269753,
        0.21884391019975252,
        0.24111719992929115,
        0.23333922573802368,
        0.294325614283189,
        0.3081138412586176,
        0.3165989040127276,
        0.3339225738023687,
        0.312179600494962,
        0.4200106063284426,
        0.5106947145129928,
        0.690648753756408,
        0.893759943432915,
        0.9855046844617288,
        0.983560190913912,
        0.9911613929644688,
        0.9888633551352307
    ]
}