{
    "Result": [
        0.0,
        0.01818181818181818,
        0.0,
        0.0,
        0.01818181818181818,
        0.01818181818181818,
        0.07272727272727272,
        0.09090909090909091,
        0.07272727272727272,
        0.10909090909090909,
        0.03636363636363636,
        0.09090909090909091,
        0.12727272727272726,
        0.14545454545454545,
        0.14545454545454545,
        0.18181818181818182,
        0.18181818181818182,
        0.2545454545454545,
        0.2545454545454545,
        0.23636363636363636,
        0.2909090909090909,
        0.32727272727272727,
        0.3090909090909091,
        0.9636363636363636,
        1.0,
        1.0,
        0.9818181818181818,
        0.9454545454545454
    ],
    "Operators": [
        0.0,
        0.01532567049808429,
        0.019157088122605363,
        0.03065134099616858,
        0.022988505747126436,
        0.02681992337164751,
        0.038314176245210725,
        0.038314176245210725,
        0.034482758620689655,
        0.0421455938697318,
        0.04980842911877394,
        0.04980842911877394,
        0.07279693486590039,
        0.08812260536398467,
        0.09195402298850575,
        0.13026819923371646,
        0.1839080459770115,
        0.26436781609195403,
        0.4521072796934866,
        0.44061302681992337,
        0.47509578544061304,
        0.6206896551724138,
        0.6896551724137931,
        0.8045977011494253,
        0.8888888888888888,
        0.9272030651340997,
        0.9042145593869731,
        0.9080459770114943
    ],
    "Numbers": [
        0.003861003861003861,
        0.09073359073359073,
        0.10989010989010989,
        0.11523611523611524,
        0.12295812295812296,
        0.12295812295812296,
        0.14033264033264034,
        0.15072765072765074,
        0.14805464805464805,
        0.1640926640926641,
        0.17433917433917434,
        0.17463617463617465,
        0.1891891891891892,
        0.20344520344520345,
        0.2079002079002079,
        0.28823878823878823,
        0.3016038016038016,
        0.3148203148203148,
        0.31897831897831896,
        0.33739233739233737,
        0.3590733590733591,
        0.3797148797148797,
        0.41045441045441045,
        0.8464508464508465,
        0.8935253935253935,
        0.9005049005049005,
        0.9599049599049599,
        0.9885654885654885
    ]
}