{
    "Result": [
        0.0,
        0.0,
        0.0,
        0.0,
        0.0,
        0.0,
        0.0,
        0.0,
        0.0,
        0.0,
        0.13333333333333333,
        0.26666666666666666,
        0.26666666666666666,
        0.2,
        0.2,
        0.13333333333333333,
        0.2,
        0.2,
        0.06666666666666667,
        0.0,
        0.13333333333333333,
        0.2,
        0.5333333333333333,
        0.9333333333333333,
        0.9333333333333333,
        1.0,
        1.0,
        1.0
    ],
    "First Token": [
        0.0,
        0.0,
        0.0,
        0.0,
        0.0,
        0.06666666666666667,
        0.0,
        0.0,
        0.06666666666666667,
        0.0,
        0.06666666666666667,
        0.0,
        0.2,
        0.26666666666666666,
        0.4,
        0.4666666666666667,
        0.3333333333333333,
        0.5333333333333333,
        0.26666666666666666,
        0.6,
        0.6,
        0.6666666666666666,
        0.8666666666666667,
        0.5333333333333333,
        1.0,
        0.9333333333333333,
        0.4666666666666667,
        0.8
    ],
    "Operators": [
        0.0,
        0.0,
        0.0,
        0.0,
        0.0,
        0.0,
        0.0,
        0.02197802197802198,
        0.03296703296703297,
        0.04395604395604396,
        0.054945054945054944,
        0.06593406593406594,
        0.08791208791208792,
        0.08791208791208792,
        0.0989010989010989,
        0.13186813186813187,
        0.16483516483516483,
        0.2087912087912088,
        0.2857142857142857,
        0.24175824175824176,
        0.6373626373626373,
        0.7362637362637363,
        0.8131868131868132,
        0.8021978021978022,
        0.8351648351648352,
        0.945054945054945,
        0.989010989010989,
        0.9560439560439561
    ],
    "Numbers": [
        0.0,
        0.08471074380165289,
        0.128099173553719,
        0.1487603305785124,
        0.15771349862258954,
        0.16322314049586778,
        0.15702479338842976,
        0.18044077134986225,
        0.1756198347107438,
        0.19146005509641872,
        0.20385674931129477,
        0.21831955922865015,
        0.22245179063360881,
        0.24724517906336088,
        0.24449035812672176,
        0.28512396694214875,
        0.3044077134986226,
        0.3037190082644628,
        0.29338842975206614,
        0.30647382920110194,
        0.42355371900826444,
        0.5626721763085399,
        0.7210743801652892,
        0.8973829201101928,
        0.9758953168044077,
        0.9786501377410468,
        0.9931129476584022,
        0.9896694214876033
    ],
    "num_samples": 15,
    "num_operators": 91,
    "num_numbers": 1452
}